year,fips,state,usps,child_poverty,premature_death,pct_rural,uninsured,source
2016,01,Alabama,AL,24.4,9454.2,42.3,17.0,simulated
2017,01,Alabama,AL,24.1,9735.0,42.3,16.1,simulated
2018,01,Alabama,AL,23.8,9877.6,42.3,15.9,simulated
2019,01,Alabama,AL,23.2,10157.7,42.3,14.7,simulated
2020,01,Alabama,AL,22.7,11101.2,42.3,14.6,simulated
2021,01,Alabama,AL,22.6,11685.7,42.3,13.4,simulated
2022,01,Alabama,AL,22.3,11329.9,42.3,12.8,simulated
2023,01,Alabama,AL,21.9,11207.8,42.3,12.0,simulated
2024,01,Alabama,AL,21.8,11415.7,42.3,11.7,real
2025,01,Alabama,AL,21.3,11853.2,42.3,10.5,real
2016,02,Alaska,AK,17.5,6838.0,35.1,12.6,simulated
2017,02,Alaska,AK,16.9,7110.4,35.1,12.6,simulated
2018,02,Alaska,AK,16.5,7264.7,35.1,12.6,simulated
2019,02,Alaska,AK,15.7,7665.8,35.1,12.7,simulated
2020,02,Alaska,AK,15.0,8567.4,35.1,12.6,simulated
2021,02,Alaska,AK,14.6,9176.9,35.1,12.9,simulated
2022,02,Alaska,AK,14.1,8988.0,35.1,13.0,simulated
2023,02,Alaska,AK,13.6,8981.6,35.1,12.9,simulated
2024,02,Alaska,AK,13.4,9414.8,35.1,13.2,real
2025,02,Alaska,AK,12.5,10028.0,35.1,13.3,real
2016,04,Arizona,AZ,16.9,6361.7,10.7,14.7,simulated
2017,04,Arizona,AZ,16.6,6610.3,10.7,14.4,simulated
2018,04,Arizona,AZ,16.6,6960.1,10.7,14.6,simulated
2019,04,Arizona,AZ,16.9,7123.0,10.7,14.4,simulated
2020,04,Arizona,AZ,16.7,7870.0,10.7,14.1,simulated
2021,04,Arizona,AZ,16.4,8687.4,10.7,13.7,simulated
2022,04,Arizona,AZ,16.4,8534.4,10.7,13.5,simulated
2023,04,Arizona,AZ,16.2,8455.4,10.7,13.5,simulated
2024,04,Arizona,AZ,16,8865.5,10.7,13.1,real
2025,04,Arizona,AZ,15.8,9457.3,10.7,12.7,real
2016,05,Arkansas,AR,25.4,8289.0,44.5,16.0,simulated
2017,05,Arkansas,AR,24.8,8551.6,44.5,15.1,simulated
2018,05,Arkansas,AR,24.5,8841.6,44.5,14.7,simulated
2019,05,Arkansas,AR,24.1,9325.7,44.5,13.9,simulated
2020,05,Arkansas,AR,23.3,10135.6,44.5,13.6,simulated
2021,05,Arkansas,AR,22.9,10884.6,44.5,12.5,simulated
2022,05,Arkansas,AR,22.6,10487.0,44.5,12.3,simulated
2023,05,Arkansas,AR,21.5,10471.5,44.5,11.4,simulated
2024,05,Arkansas,AR,21.2,10823.1,44.5,11.1,real
2025,05,Arkansas,AR,20.2,11384.0,44.5,10.0,real
2016,06,California,CA,16.6,4773.7,5.8,10.6,simulated
2017,06,California,CA,16.4,4892.9,5.8,10.2,simulated
2018,06,California,CA,15.9,5032.5,5.8,10.0,simulated
2019,06,California,CA,16.2,5444.8,5.8,9.6,simulated
2020,06,California,CA,15.9,6024.6,5.8,9.0,simulated
2021,06,California,CA,15.9,6405.8,5.8,9.2,simulated
2022,06,California,CA,15.5,6312.9,5.8,8.4,simulated
2023,06,California,CA,15.5,6140.6,5.8,8.3,simulated
2024,06,California,CA,15.3,6373.2,5.8,8.1,real
2025,06,California,CA,15.0,6744.1,5.8,7.5,real
2016,08,Colorado,CO,11.6,5080.4,14.0,13.3,simulated
2017,08,Colorado,CO,12.2,5370.7,14.0,12.6,simulated
2018,08,Colorado,CO,11.6,5508.9,14.0,12.5,simulated
2019,08,Colorado,CO,11.4,5866.6,14.0,11.9,simulated
2020,08,Colorado,CO,11.7,6316.6,14.0,11.1,simulated
2021,08,Colorado,CO,11.3,6840.6,14.0,11.0,simulated
2022,08,Colorado,CO,11.2,6931.0,14.0,10.7,simulated
2023,08,Colorado,CO,11.5,6827.7,14.0,9.9,simulated
2024,08,Colorado,CO,11.1,6993.8,14.0,9.3,real
2025,08,Colorado,CO,10.9,7405.1,14.0,8.4,real
2016,09,Connecticut,CT,12.3,5391.6,13.7,5.3,simulated
2017,09,Connecticut,CT,12.8,5683.8,13.7,5.3,simulated
2018,09,Connecticut,CT,13.0,5720.8,13.7,6.1,simulated
2019,09,Connecticut,CT,13.0,5885.6,13.7,5.9,simulated
2020,09,Connecticut,CT,12.4,6437.8,13.7,6.0,simulated
2021,09,Connecticut,CT,13.0,6603.0,13.7,6.1,simulated
2022,09,Connecticut,CT,12.8,6457.7,13.7,5.8,simulated
2023,09,Connecticut,CT,12.9,6349.3,13.7,6.1,simulated
2024,09,Connecticut,CT,12.9,6480.4,13.7,6.0,real
2025,09,Connecticut,CT,13.0,6702.9,13.7,6.1,real
2016,10,Delaware,DE,9.8,6843.8,17.4,6.4,simulated
2017,10,Delaware,DE,9.9,7234.2,17.4,6.4,simulated
2018,10,Delaware,DE,10.7,7444.6,17.4,6.4,simulated
2019,10,Delaware,DE,11.6,7644.5,17.4,6.6,simulated
2020,10,Delaware,DE,12.0,8333.7,17.4,6.9,simulated
2021,10,Delaware,DE,12.7,8837.8,17.4,7.1,simulated
2022,10,Delaware,DE,13.2,8401.4,17.4,7.1,simulated
2023,10,Delaware,DE,14.0,8476.3,17.4,6.9,simulated
2024,10,Delaware,DE,14.3,8590.2,17.4,6.9,real
2025,10,Delaware,DE,15.4,8958.8,17.4,6.9,real
2016,11,District of Columbia,DC,17.3,7749.1,0.0,6.7,simulated
2017,11,District of Columbia,DC,17.3,7886.9,0.0,6.2,simulated
2018,11,District of Columbia,DC,17.8,8039.0,0.0,5.8,simulated
2019,11,District of Columbia,DC,18.2,8208.5,0.0,5.1,simulated
2020,11,District of Columbia,DC,18.7,8886.2,0.0,5.4,simulated
2021,11,District of Columbia,DC,19.1,9204.2,0.0,4.8,simulated
2022,11,District of Columbia,DC,19.6,8966.6,0.0,4.3,simulated
2023,11,District of Columbia,DC,19.4,8835.7,0.0,3.8,simulated
2024,11,District of Columbia,DC,20,8976.0,0.0,3.7,real
2025,11,District of Columbia,DC,20.7,9241.4,0.0,3.1,real
2016,12,Florida,FL,23.2,7071.0,8.5,20.2,simulated
2017,12,Florida,FL,22.4,7259.7,8.5,20.1,simulated
2018,12,Florida,FL,21.3,7385.9,8.5,19.4,simulated
2019,12,Florida,FL,20.7,7500.4,8.5,18.1,simulated
2020,12,Florida,FL,19.8,8142.8,8.5,17.5,simulated
2021,12,Florida,FL,19.5,8588.4,8.5,17.1,simulated
2022,12,Florida,FL,18.7,8289.2,8.5,16.4,simulated
2023,12,Florida,FL,18.1,8251.1,8.5,15.4,simulated
2024,12,Florida,FL,17.3,8299.1,8.5,15.1,real
2025,12,Florida,FL,16.0,8552.7,8.5,13.9,real
2016,13,Georgia,GA,9.8,6663.3,25.9,20.3,simulated
2017,13,Georgia,GA,11.3,6973.1,25.9,19.2,simulated
2018,13,Georgia,GA,11.6,7292.8,25.9,18.3,simulated
2019,13,Georgia,GA,12.8,7583.5,25.9,18.2,simulated
2020,13,Georgia,GA,13.7,8203.6,25.9,17.5,simulated
2021,13,Georgia,GA,14.6,8845.5,25.9,16.4,simulated
2022,13,Georgia,GA,15.1,8622.1,25.9,16.3,simulated
2023,13,Georgia,GA,16.0,8555.8,25.9,15.7,simulated
2024,13,Georgia,GA,17.2,8920.9,25.9,14.8,real
2025,13,Georgia,GA,18.8,9405.7,25.9,13.6,real
2016,15,Hawaii,HI,13.6,5567.8,13.9,5.0,simulated
2017,15,Hawaii,HI,13.6,5628.9,13.9,4.9,simulated
2018,15,Hawaii,HI,13.0,5592.7,13.9,4.7,simulated
2019,15,Hawaii,HI,13.2,5663.1,13.9,4.9,simulated
2020,15,Hawaii,HI,12.6,6175.2,13.9,4.4,simulated
2021,15,Hawaii,HI,12.3,6499.2,13.9,4.3,simulated
2022,15,Hawaii,HI,12.2,6225.1,13.9,4.7,simulated
2023,15,Hawaii,HI,12.0,5931.0,13.9,4.1,simulated
2024,15,Hawaii,HI,12.1,6148.1,13.9,4.4,real
2025,15,Hawaii,HI,11.8,6298.6,13.9,4.3,real
2016,16,Idaho,ID,17.0,5643.2,30.8,13.3,simulated
2017,16,Idaho,ID,16.0,5708.7,30.8,13.1,simulated
2018,16,Idaho,ID,15.8,5834.0,30.8,12.7,simulated
2019,16,Idaho,ID,15.2,6181.3,30.8,12.4,simulated
2020,16,Idaho,ID,14.4,6490.9,30.8,11.8,simulated
2021,16,Idaho,ID,14.0,6858.2,30.8,11.8,simulated
2022,16,Idaho,ID,13.7,6934.4,30.8,10.8,simulated
2023,16,Idaho,ID,12.5,6722.4,30.8,11.0,simulated
2024,16,Idaho,ID,12.3,6827.4,30.8,10.5,real
2025,16,Idaho,ID,11.3,7098.8,30.8,9.8,real
2016,17,Illinois,IL,19.7,5848.6,13.1,10.6,simulated
2017,17,Illinois,IL,19.6,6181.2,13.1,10.3,simulated
2018,17,Illinois,IL,19.2,6258.2,13.1,10.1,simulated
2019,17,Illinois,IL,18.2,6664.8,13.1,9.9,simulated
2020,17,Illinois,IL,18.1,7264.6,13.1,9.1,simulated
2021,17,Illinois,IL,17.2,7508.0,13.1,9.1,simulated
2022,17,Illinois,IL,16.8,7284.1,13.1,9.1,simulated
2023,17,Illinois,IL,16.5,7219.6,13.1,8.8,simulated
2024,17,Illinois,IL,15.7,7549.0,13.1,8.2,real
2025,17,Illinois,IL,14.7,7920.5,13.1,7.7,real
2016,18,Indiana,IN,17.1,7032.9,28.8,11.6,simulated
2017,18,Indiana,IN,16.5,7407.1,28.8,11.9,simulated
2018,18,Indiana,IN,16.2,7632.0,28.8,11.2,simulated
2019,18,Indiana,IN,16.0,7861.6,28.8,10.7,simulated
2020,18,Indiana,IN,15.9,8836.2,28.8,10.5,simulated
2021,18,Indiana,IN,15.9,9220.6,28.8,9.8,simulated
2022,18,Indiana,IN,16.1,9175.4,28.8,9.4,simulated
2023,18,Indiana,IN,15.9,9149.3,28.8,9.2,simulated
2024,18,Indiana,IN,15.4,9317.1,28.8,8.9,real
2025,18,Indiana,IN,15.1,9809.9,28.8,8.2,real
2016,19,Iowa,IA,8.9,5822.4,36.8,7.6,simulated
2017,19,Iowa,IA,9.9,5949.0,36.8,7.3,simulated
2018,19,Iowa,IA,9.8,6186.8,36.8,6.8,simulated
2019,19,Iowa,IA,10.4,6165.5,36.8,7.1,simulated
2020,19,Iowa,IA,10.5,6592.9,36.8,6.5,simulated
2021,19,Iowa,IA,11.4,6935.1,36.8,6.8,simulated
2022,19,Iowa,IA,11.7,7038.0,36.8,6.4,simulated
2023,19,Iowa,IA,12.3,6691.6,36.8,6.4,simulated
2024,19,Iowa,IA,12.3,6934.5,36.8,5.8,real
2025,19,Iowa,IA,13.0,7201.1,36.8,5.4,real
2016,20,Kansas,KS,16.5,5710.5,27.7,14.1,simulated
2017,20,Kansas,KS,16.2,6097.9,27.7,13.8,simulated
2018,20,Kansas,KS,16.0,6286.1,27.7,13.1,simulated
2019,20,Kansas,KS,15.6,6606.8,27.7,12.5,simulated
2020,20,Kansas,KS,14.9,7302.7,27.7,12.2,simulated
2021,20,Kansas,KS,14.9,8031.1,27.7,12.3,simulated
2022,20,Kansas,KS,14.3,7739.6,27.7,11.9,simulated
2023,20,Kansas,KS,14.2,7744.4,27.7,11.3,simulated
2024,20,Kansas,KS,13.7,8079.1,27.7,10.9,real
2025,20,Kansas,KS,13.1,8588.6,27.7,10.2,real
2016,21,Kentucky,KY,22.5,8319.5,41.3,7.7,simulated
2017,21,Kentucky,KY,21.9,8547.1,41.3,7.6,simulated
2018,21,Kentucky,KY,22.3,9088.4,41.3,7.3,simulated
2019,21,Kentucky,KY,21.7,9401.7,41.3,7.3,simulated
2020,21,Kentucky,KY,21.7,10392.4,41.3,7.0,simulated
2021,21,Kentucky,KY,21.5,10927.4,41.3,7.2,simulated
2022,21,Kentucky,KY,20.8,10781.7,41.3,7.3,simulated
2023,21,Kentucky,KY,21.1,10593.5,41.3,6.9,simulated
2024,21,Kentucky,KY,20.6,11054.6,41.3,6.8,real
2025,21,Kentucky,KY,20.2,11686.5,41.3,6.6,real
2016,22,Louisiana,LA,23.4,8395.4,28.5,13.2,simulated
2017,22,Louisiana,LA,23.6,8739.5,28.5,12.3,simulated
2018,22,Louisiana,LA,24.0,9066.9,28.5,12.1,simulated
2019,22,Louisiana,LA,24.1,9516.4,28.5,11.9,simulated
2020,22,Louisiana,LA,24.2,10515.4,28.5,10.8,simulated
2021,22,Louisiana,LA,24.8,11270.4,28.5,10.3,simulated
2022,22,Louisiana,LA,24.3,11162.1,28.5,9.8,simulated
2023,22,Louisiana,LA,25.0,11004.5,28.5,9.9,simulated
2024,22,Louisiana,LA,24.9,11463.6,28.5,9.2,real
2025,22,Louisiana,LA,25.2,12185.4,28.5,8.3,real
2016,23,Maine,ME,11.7,5072.1,61.4,2.4,simulated
2017,23,Maine,ME,11.3,5593.0,61.4,3.2,simulated
2018,23,Maine,ME,11.6,5801.1,61.4,3.8,simulated
2019,23,Maine,ME,11.5,6056.2,61.4,4.2,simulated
2020,23,Maine,ME,11.8,6821.9,61.4,5.3,simulated
2021,23,Maine,ME,12.0,7365.7,61.4,5.3,simulated
2022,23,Maine,ME,11.8,7443.7,61.4,6.4,simulated
2023,23,Maine,ME,12.5,7459.8,61.4,6.7,simulated
2024,23,Maine,ME,12.4,7811.8,61.4,7.3,real
2025,23,Maine,ME,12.6,8420.7,61.4,8.4,real
2016,24,Maryland,MD,15.9,7109.3,14.4,8.1,simulated
2017,24,Maryland,MD,15.6,7280.3,14.4,7.6,simulated
2018,24,Maryland,MD,14.9,7271.0,14.4,7.5,simulated
2019,24,Maryland,MD,14.1,7547.3,14.4,7.2,simulated
2020,24,Maryland,MD,13.9,8057.8,14.4,7.2,simulated
2021,24,Maryland,MD,13.6,8314.5,14.4,7.6,simulated
2022,24,Maryland,MD,13.4,7912.3,14.4,7.0,simulated
2023,24,Maryland,MD,12.7,7866.8,14.4,7.2,simulated
2024,24,Maryland,MD,12.1,7921.4,14.4,7.0,real
2025,24,Maryland,MD,11.3,8091.1,14.4,6.8,real
2016,25,Massachusetts,MA,6.7,5299.3,8.7,3.2,simulated
2017,25,Massachusetts,MA,7.6,5271.6,8.7,3.2,simulated
2018,25,Massachusetts,MA,7.8,5347.4,8.7,3.0,simulated
2019,25,Massachusetts,MA,8.9,5523.9,8.7,2.6,simulated
2020,25,Massachusetts,MA,9.3,5951.7,8.7,2.6,simulated
2021,25,Massachusetts,MA,9.7,6118.4,8.7,3.1,simulated
2022,25,Massachusetts,MA,10.5,6094.8,8.7,3.2,simulated
2023,25,Massachusetts,MA,11.0,5661.5,8.7,2.8,simulated
2024,25,Massachusetts,MA,11.6,5856.4,8.7,2.9,real
2025,25,Massachusetts,MA,12.7,5974.5,8.7,2.9,real
2016,26,Michigan,MI,18.9,7047.7,26.5,8.4,simulated
2017,26,Michigan,MI,19.0,7248.3,26.5,7.7,simulated
2018,26,Michigan,MI,18.6,7385.4,26.5,8.1,simulated
2019,26,Michigan,MI,18.4,7694.1,26.5,7.5,simulated
2020,26,Michigan,MI,18.7,8237.0,26.5,7.2,simulated
2021,26,Michigan,MI,18.2,8596.6,26.5,6.6,simulated
2022,26,Michigan,MI,18.3,8525.0,26.5,6.9,simulated
2023,26,Michigan,MI,17.9,8391.7,26.5,6.3,simulated
2024,26,Michigan,MI,17.8,8467.6,26.5,6.0,real
2025,26,Michigan,MI,17.5,8798.0,26.5,5.5,real
2016,27,Minnesota,MN,13.8,4639.7,28.1,5.0,simulated
2017,27,Minnesota,MN,13.4,4810.5,28.1,5.0,simulated
2018,27,Minnesota,MN,12.9,5014.1,28.1,5.0,simulated
2019,27,Minnesota,MN,12.8,5081.5,28.1,5.3,simulated
2020,27,Minnesota,MN,12.7,5546.3,28.1,5.1,simulated
2021,27,Minnesota,MN,12.1,6060.7,28.1,5.5,simulated
2022,27,Minnesota,MN,11.4,5997.5,28.1,5.3,simulated
2023,27,Minnesota,MN,10.9,6027.7,28.1,5.5,simulated
2024,27,Minnesota,MN,10.9,6116.8,28.1,5.3,real
2025,27,Minnesota,MN,10.2,6461.9,28.1,5.4,real
2016,28,Mississippi,MS,35.6,9814.2,53.7,19.8,simulated
2017,28,Mississippi,MS,34.3,10297.1,53.7,19.0,simulated
2018,28,Mississippi,MS,33.0,10618.2,53.7,18.4,simulated
2019,28,Mississippi,MS,32.5,10828.8,53.7,17.6,simulated
2020,28,Mississippi,MS,31.1,11928.8,53.7,17.1,simulated
2021,28,Mississippi,MS,29.8,12773.4,53.7,16.7,simulated
2022,28,Mississippi,MS,28.5,12591.4,53.7,15.4,simulated
2023,28,Mississippi,MS,27.2,12307.0,53.7,15.4,simulated
2024,28,Mississippi,MS,26.4,12697.5,53.7,14.3,real
2025,28,Mississippi,MS,24.3,13327.7,53.7,13.1,real
2016,29,Missouri,MO,26.0,7422.1,30.5,16.5,simulated
2017,29,Missouri,MO,24.5,7660.9,30.5,15.5,simulated
2018,29,Missouri,MO,24.0,7944.6,30.5,14.8,simulated
2019,29,Missouri,MO,22.6,8057.0,30.5,14.4,simulated
2020,29,Missouri,MO,21.0,9026.1,30.5,13.8,simulated
2021,29,Missouri,MO,20.3,9488.8,30.5,13.2,simulated
2022,29,Missouri,MO,19.4,9151.8,30.5,12.5,simulated
2023,29,Missouri,MO,17.7,9191.2,30.5,12.2,simulated
2024,29,Missouri,MO,16.8,9478.1,30.5,11.4,real
2025,29,Missouri,MO,14.7,9969.6,30.5,10.2,real
2016,30,Montana,MT,18.1,6951.1,46.6,10.9,simulated
2017,30,Montana,MT,17.3,7036.0,46.6,10.3,simulated
2018,30,Montana,MT,17.3,7120.8,46.6,10.4,simulated
2019,30,Montana,MT,16.7,7348.4,46.6,10.2,simulated
2020,30,Montana,MT,15.9,8135.0,46.6,10.7,simulated
2021,30,Montana,MT,15.1,8453.7,46.6,10.8,simulated
2022,30,Montana,MT,15.1,8356.9,46.6,10.8,simulated
2023,30,Montana,MT,14.3,8261.8,46.6,10.8,simulated
2024,30,Montana,MT,13.8,8418.1,46.6,10.5,real
2025,30,Montana,MT,12.8,8781.7,46.6,10.5,real
2016,31,Nebraska,NE,23.9,5826.2,27.0,11.6,simulated
2017,31,Nebraska,NE,22.3,5959.9,27.0,11.4,simulated
2018,31,Nebraska,NE,21.8,5944.0,27.0,10.6,simulated
2019,31,Nebraska,NE,20.2,6246.4,27.0,10.9,simulated
2020,31,Nebraska,NE,18.5,6715.7,27.0,10.3,simulated
2021,31,Nebraska,NE,17.7,6849.2,27.0,9.9,simulated
2022,31,Nebraska,NE,15.8,6675.2,27.0,9.0,simulated
2023,31,Nebraska,NE,14.5,6697.6,27.0,9.1,simulated
2024,31,Nebraska,NE,13.5,6820.3,27.0,8.5,real
2025,31,Nebraska,NE,11.1,7072.1,27.0,7.7,real
2016,32,Nevada,NV,16.7,6514.6,5.9,16.3,simulated
2017,32,Nevada,NV,16.5,6604.0,5.9,15.8,simulated
2018,32,Nevada,NV,16.9,6842.2,5.9,15.5,simulated
2019,32,Nevada,NV,16.9,7143.5,5.9,15.0,simulated
2020,32,Nevada,NV,16.5,7919.9,5.9,15.0,simulated
2021,32,Nevada,NV,16.4,8445.0,5.9,14.4,simulated
2022,32,Nevada,NV,16.9,8082.1,5.9,14.0,simulated
2023,32,Nevada,NV,16.3,8031.1,5.9,14.5,simulated
2024,32,Nevada,NV,16.5,8316.9,5.9,13.8,real
2025,32,Nevada,NV,16.4,8741.1,5.9,13.2,real
2016,33,New Hampshire,NH,5.9,6041.9,41.7,7.0,simulated
2017,33,New Hampshire,NH,5.8,6119.7,41.7,6.6,simulated
2018,33,New Hampshire,NH,5.7,6005.1,41.7,6.5,simulated
2019,33,New Hampshire,NH,6.5,6249.6,41.7,6.5,simulated
2020,33,New Hampshire,NH,7.0,6746.5,41.7,6.4,simulated
2021,33,New Hampshire,NH,7.0,7011.5,41.7,6.4,simulated
2022,33,New Hampshire,NH,7.4,6479.3,41.7,6.6,simulated
2023,33,New Hampshire,NH,7.1,6354.6,41.7,6.1,simulated
2024,33,New Hampshire,NH,7.7,6498.8,41.7,6.3,real
2025,33,New Hampshire,NH,8.2,6622.4,41.7,6.2,real
2016,34,New Jersey,NJ,11.9,6316.9,6.2,9.8,simulated
2017,34,New Jersey,NJ,12.2,6257.5,6.2,9.0,simulated
2018,34,New Jersey,NJ,12.7,6265.0,6.2,9.2,simulated
2019,34,New Jersey,NJ,12.7,6498.9,6.2,8.9,simulated
2020,34,New Jersey,NJ,12.6,6826.1,6.2,8.9,simulated
2021,34,New Jersey,NJ,12.4,7157.7,6.2,8.7,simulated
2022,34,New Jersey,NJ,12.2,6635.8,6.2,8.4,simulated
2023,34,New Jersey,NJ,12.3,6564.2,6.2,8.3,simulated
2024,34,New Jersey,NJ,12.7,6516.3,6.2,8.3,real
2025,34,New Jersey,NJ,12.8,6562.3,6.2,8.0,real
2016,35,New Mexico,NM,23.9,8032.0,25.5,21.0,simulated
2017,35,New Mexico,NM,24.1,8364.3,25.5,20.0,simulated
2018,35,New Mexico,NM,23.8,8867.2,25.5,19.2,simulated
2019,35,New Mexico,NM,23.8,9247.0,25.5,17.9,simulated
2020,35,New Mexico,NM,23.5,10457.6,25.5,17.1,simulated
2021,35,New Mexico,NM,23.7,11285.2,25.5,15.9,simulated
2022,35,New Mexico,NM,23.5,11052.6,25.5,14.9,simulated
2023,35,New Mexico,NM,22.8,11084.3,25.5,13.4,simulated
2024,35,New Mexico,NM,22.9,11557.9,25.5,12.6,real
2025,35,New Mexico,NM,22.6,12363.3,25.5,10.6,real
2016,36,New York,NY,18.7,5186.1,12.6,8.0,simulated
2017,36,New York,NY,18.4,5353.8,12.6,7.6,simulated
2018,36,New York,NY,18.8,5361.5,12.6,7.9,simulated
2019,36,New York,NY,18.4,5640.8,12.6,7.3,simulated
2020,36,New York,NY,18.8,5953.5,12.6,6.8,simulated
2021,36,New York,NY,18.7,6414.5,12.6,7.2,simulated
2022,36,New York,NY,18.5,6254.3,12.6,6.8,simulated
2023,36,New York,NY,18.5,6135.8,12.6,6.7,simulated
2024,36,New York,NY,18.6,6351.1,12.6,6.1,real
2025,36,New York,NY,18.6,6637.2,12.6,5.7,real
2016,37,North Carolina,NC,16.7,6368.6,33.3,18.3,simulated
2017,37,North Carolina,NC,16.4,6540.8,33.3,17.2,simulated
2018,37,North Carolina,NC,16.6,6953.7,33.3,16.8,simulated
2019,37,North Carolina,NC,16.4,7345.0,33.3,16.0,simulated
2020,37,North Carolina,NC,17.0,7990.2,33.3,15.2,simulated
2021,37,North Carolina,NC,17.1,8650.1,33.3,14.6,simulated
2022,37,North Carolina,NC,16.8,8506.7,33.3,14.1,simulated
2023,37,North Carolina,NC,17.2,8506.1,33.3,13.1,simulated
2024,37,North Carolina,NC,17.3,8852.6,33.3,12.5,real
2025,37,North Carolina,NC,17.5,9440.6,33.3,11.2,real
2016,38,North Dakota,ND,21.6,6016.4,39.0,17.9,simulated
2017,38,North Dakota,ND,20.7,6151.4,39.0,16.7,simulated
2018,38,North Dakota,ND,19.4,6416.2,39.0,16.1,simulated
2019,38,North Dakota,ND,18.1,6651.3,39.0,14.5,simulated
2020,38,North Dakota,ND,17.4,7315.8,39.0,13.6,simulated
2021,38,North Dakota,ND,15.6,7596.5,39.0,12.7,simulated
2022,38,North Dakota,ND,14.7,7574.8,39.0,11.1,simulated
2023,38,North Dakota,ND,13.6,7367.2,39.0,10.0,simulated
2024,38,North Dakota,ND,12.3,7634.1,39.0,9.2,real
2025,38,North Dakota,ND,10.1,8019.9,39.0,7.2,real
2016,39,Ohio,OH,18.6,7833.2,23.7,11.5,simulated
2017,39,Ohio,OH,18.2,8147.0,23.7,10.9,simulated
2018,39,Ohio,OH,18.1,8190.2,23.7,10.2,simulated
2019,39,Ohio,OH,18.6,8361.0,23.7,9.9,simulated
2020,39,Ohio,OH,18.3,9254.6,23.7,9.4,simulated
2021,39,Ohio,OH,18.4,9587.2,23.7,8.7,simulated
2022,39,Ohio,OH,17.5,9438.5,23.7,8.4,simulated
2023,39,Ohio,OH,17.7,9295.8,23.7,8.5,simulated
2024,39,Ohio,OH,17.7,9394.3,23.7,7.8,real
2025,39,Ohio,OH,17.5,9740.0,23.7,7.1,real
2016,40,Oklahoma,OK,16.2,7754.3,35.4,27.8,simulated
2017,40,Oklahoma,OK,16.3,8085.3,35.4,26.6,simulated
2018,40,Oklahoma,OK,17.1,8486.1,35.4,25.4,simulated
2019,40,Oklahoma,OK,17.4,8701.3,35.4,23.5,simulated
2020,40,Oklahoma,OK,18.2,9590.3,35.4,22.5,simulated
2021,40,Oklahoma,OK,18.4,10235.5,35.4,21.3,simulated
2022,40,Oklahoma,OK,19.1,10080.2,35.4,19.6,simulated
2023,40,Oklahoma,OK,19.5,10094.9,35.4,18.3,simulated
2024,40,Oklahoma,OK,19.7,10334.0,35.4,16.9,real
2025,40,Oklahoma,OK,20.5,10910.7,35.4,14.3,real
2016,41,Oregon,OR,13.2,4378.0,19.5,7.5,simulated
2017,41,Oregon,OR,13.2,4595.8,19.5,7.0,simulated
2018,41,Oregon,OR,14.0,5105.1,19.5,7.4,simulated
2019,41,Oregon,OR,13.7,5379.0,19.5,7.1,simulated
2020,41,Oregon,OR,13.3,5774.7,19.5,7.1,simulated
2021,41,Oregon,OR,13.6,6479.4,19.5,7.2,simulated
2022,41,Oregon,OR,13.3,6338.9,19.5,7.7,simulated
2023,41,Oregon,OR,13.6,6309.4,19.5,7.1,simulated
2024,41,Oregon,OR,13.6,6704.5,19.5,7.4,real
2025,41,Oregon,OR,13.6,7218.7,19.5,7.4,real
2016,42,Pennsylvania,PA,14.2,7032.2,23.5,7.1,simulated
2017,42,Pennsylvania,PA,14.1,7092.5,23.5,7.0,simulated
2018,42,Pennsylvania,PA,14.4,7106.9,23.5,7.5,simulated
2019,42,Pennsylvania,PA,14.7,7354.6,23.5,7.4,simulated
2020,42,Pennsylvania,PA,14.8,7953.8,23.5,7.1,simulated
2021,42,Pennsylvania,PA,14.6,8383.4,23.5,7.1,simulated
2022,42,Pennsylvania,PA,15.1,7988.8,23.5,6.6,simulated
2023,42,Pennsylvania,PA,15.3,7864.7,23.5,7.0,simulated
2024,42,Pennsylvania,PA,15.2,8032.3,23.5,6.7,real
2025,42,Pennsylvania,PA,15.5,8274.3,23.5,6.5,real
2016,44,Rhode Island,RI,9.4,6282.5,8.9,3.9,simulated
2017,44,Rhode Island,RI,9.6,6385.5,8.9,3.4,simulated
2018,44,Rhode Island,RI,10.2,6411.6,8.9,4.0,simulated
2019,44,Rhode Island,RI,11.0,6508.7,8.9,3.8,simulated
2020,44,Rhode Island,RI,11.6,6735.9,8.9,4.2,simulated
2021,44,Rhode Island,RI,12.0,6909.8,8.9,4.4,simulated
2022,44,Rhode Island,RI,13.2,6713.8,8.9,4.8,simulated
2023,44,Rhode Island,RI,13.7,6572.5,8.9,4.4,simulated
2024,44,Rhode Island,RI,14,6504.7,8.9,4.9,real
2025,44,Rhode Island,RI,15.1,6529.4,8.9,5.2,real
2016,45,South Carolina,SC,20.8,8219.8,32.1,17.6,simulated
2017,45,South Carolina,SC,21.0,8473.1,32.1,16.7,simulated
2018,45,South Carolina,SC,20.4,8584.4,32.1,16.5,simulated
2019,45,South Carolina,SC,20.6,8991.9,32.1,16.0,simulated
2020,45,South Carolina,SC,19.9,9630.6,32.1,15.2,simulated
2021,45,South Carolina,SC,19.8,10242.9,32.1,14.1,simulated
2022,45,South Carolina,SC,19.9,10131.4,32.1,13.9,simulated
2023,45,South Carolina,SC,19.4,10120.4,32.1,12.7,simulated
2024,45,South Carolina,SC,19.2,10317.5,32.1,12.3,real
2025,45,South Carolina,SC,18.8,10824.2,32.1,11.0,real
2016,46,South Dakota,SD,21.9,6648.8,42.8,17.5,simulated
2017,46,South Dakota,SD,21.0,6677.8,42.8,17.0,simulated
2018,46,South Dakota,SD,20.7,7091.1,42.8,16.3,simulated
2019,46,South Dakota,SD,19.4,7140.6,42.8,15.6,simulated
2020,46,South Dakota,SD,18.7,7961.3,42.8,14.6,simulated
2021,46,South Dakota,SD,17.6,8566.8,42.8,14.1,simulated
2022,46,South Dakota,SD,17.0,8380.7,42.8,13.3,simulated
2023,46,South Dakota,SD,16.2,8252.0,42.8,12.6,simulated
2024,46,South Dakota,SD,15.1,8482.5,42.8,11.5,real
2025,46,South Dakota,SD,13.5,8929.5,42.8,10.0,real
2016,47,Tennessee,TN,12.7,8484.1,33.8,15.2,simulated
2017,47,Tennessee,TN,13.6,8817.7,33.8,14.6,simulated
2018,47,Tennessee,TN,14.0,9027.9,33.8,14.2,simulated
2019,47,Tennessee,TN,14.6,9553.8,33.8,13.6,simulated
2020,47,Tennessee,TN,15.5,10373.2,33.8,13.3,simulated
2021,47,Tennessee,TN,15.8,10836.8,33.8,12.8,simulated
2022,47,Tennessee,TN,16.4,10838.5,33.8,12.8,simulated
2023,47,Tennessee,TN,17.4,10736.0,33.8,11.9,simulated
2024,47,Tennessee,TN,17.8,11043.4,33.8,11.9,real
2025,47,Tennessee,TN,18.9,11635.8,33.8,11.1,real
2016,48,Texas,TX,22.8,6379.5,16.3,26.7,simulated
2017,48,Texas,TX,22.5,6366.9,16.3,26.3,simulated
2018,48,Texas,TX,21.9,6712.7,16.3,25.7,simulated
2019,48,Texas,TX,21.7,6760.6,16.3,24.2,simulated
2020,48,Texas,TX,21.1,7624.6,16.3,23.4,simulated
2021,48,Texas,TX,20.9,7834.9,16.3,22.9,simulated
2022,48,Texas,TX,19.7,7680.8,16.3,21.7,simulated
2023,48,Texas,TX,19.4,7562.2,16.3,21.2,simulated
2024,48,Texas,TX,19.2,7874.7,16.3,20.3,real
2025,48,Texas,TX,18.4,8233.1,16.3,18.8,real
2016,49,Utah,UT,5.4,5982.5,10.2,14.3,simulated
2017,49,Utah,UT,5.6,6052.6,10.2,13.9,simulated
2018,49,Utah,UT,6.3,5878.0,10.2,13.4,simulated
2019,49,Utah,UT,6.7,6094.8,10.2,12.6,simulated
2020,49,Utah,UT,7.3,6605.5,10.2,12.0,simulated
2021,49,Utah,UT,7.2,6595.1,10.2,11.3,simulated
2022,49,Utah,UT,8.0,6374.8,10.2,11.2,simulated
2023,49,Utah,UT,8.0,6144.9,10.2,10.9,simulated
2024,49,Utah,UT,8.5,6328.4,10.2,10.1,real
2025,49,Utah,UT,9.2,6429.0,10.2,9.2,real
2016,50,Vermont,VT,15.2,4590.3,64.9,2.7,simulated
2017,50,Vermont,VT,14.5,4833.6,64.9,2.7,simulated
2018,50,Vermont,VT,13.8,5311.9,64.9,3.0,simulated
2019,50,Vermont,VT,13.9,5544.8,64.9,3.4,simulated
2020,50,Vermont,VT,12.9,6190.8,64.9,4.0,simulated
2021,50,Vermont,VT,12.7,6492.1,64.9,3.5,simulated
2022,50,Vermont,VT,11.9,6375.2,64.9,3.9,simulated
2023,50,Vermont,VT,11.2,6343.1,64.9,4.7,simulated
2024,50,Vermont,VT,11.1,6692.7,64.9,4.5,real
2025,50,Vermont,VT,10.2,7141.9,64.9,4.9,real
2016,51,Virginia,VA,13.6,5321.5,24.4,10.4,simulated
2017,51,Virginia,VA,13.5,5495.1,24.4,10.1,simulated
2018,51,Virginia,VA,13.0,5753.9,24.4,9.5,simulated
2019,51,Virginia,VA,13.3,6180.4,24.4,9.0,simulated
2020,51,Virginia,VA,12.9,6825.7,24.4,8.9,simulated
2021,51,Virginia,VA,13.1,7081.2,24.4,8.4,simulated
2022,51,Virginia,VA,13.1,6977.7,24.4,8.6,simulated
2023,51,Virginia,VA,12.5,7066.4,24.4,7.9,simulated
2024,51,Virginia,VA,12.8,7297.1,24.4,8.0,real
2025,51,Virginia,VA,12.7,7738.5,24.4,7.5,real
2016,53,Washington,WA,8.5,4503.2,16.6,9.0,simulated
2017,53,Washington,WA,8.9,4620.3,16.6,9.2,simulated
2018,53,Washington,WA,9.4,4786.1,16.6,9.1,simulated
2019,53,Washington,WA,10.1,5016.4,16.6,8.8,simulated
2020,53,Washington,WA,10.4,5798.9,16.6,8.1,simulated
2021,53,Washington,WA,10.5,6102.9,16.6,8.3,simulated
2022,53,Washington,WA,11.1,6036.4,16.6,8.0,simulated
2023,53,Washington,WA,11.3,6097.4,16.6,7.7,simulated
2024,53,Washington,WA,11.5,6333.5,16.6,7.6,real
2025,53,Washington,WA,12.1,6780.9,16.6,7.2,real
2016,54,West Virginia,WV,36.7,9257.9,55.4,8.4,simulated
2017,54,West Virginia,WV,34.6,9586.5,55.4,8.3,simulated
2018,54,West Virginia,WV,33.0,9892.5,55.4,8.5,simulated
2019,54,West Virginia,WV,31.0,10400.9,55.4,8.7,simulated
2020,54,West Virginia,WV,29.5,11468.6,55.4,8.3,simulated
2021,54,West Virginia,WV,27.6,12368.4,55.4,7.7,simulated
2022,54,West Virginia,WV,25.9,12089.3,55.4,8.0,simulated
2023,54,West Virginia,WV,24.1,12215.8,55.4,8.1,simulated
2024,54,West Virginia,WV,22.7,12553.9,55.4,7.7,real
2025,54,West Virginia,WV,19.6,13324.1,55.4,7.4,real
2016,55,Wisconsin,WI,13.8,5561.8,32.9,7.3,simulated
2017,55,Wisconsin,WI,13.6,5613.8,32.9,6.7,simulated
2018,55,Wisconsin,WI,13.4,6012.1,32.9,6.9,simulated
2019,55,Wisconsin,WI,13.8,6180.4,32.9,6.9,simulated
2020,55,Wisconsin,WI,13.1,6533.7,32.9,6.8,simulated
2021,55,Wisconsin,WI,13.0,6985.7,32.9,6.8,simulated
2022,55,Wisconsin,WI,13.5,6971.5,32.9,6.8,simulated
2023,55,Wisconsin,WI,13.3,7016.7,32.9,6.2,simulated
2024,55,Wisconsin,WI,13,7082.4,32.9,6.5,real
2025,55,Wisconsin,WI,12.8,7447.4,32.9,6.3,real
2016,56,Wyoming,WY,18.8,7761.0,38.0,20.7,simulated
2017,56,Wyoming,WY,17.6,7976.8,38.0,20.0,simulated
2018,56,Wyoming,WY,17.4,8091.7,38.0,19.6,simulated
2019,56,Wyoming,WY,16.3,8070.1,38.0,18.8,simulated
2020,56,Wyoming,WY,15.7,8862.5,38.0,18.4,simulated
2021,56,Wyoming,WY,15.4,9095.5,38.0,17.1,simulated
2022,56,Wyoming,WY,14.2,8955.0,38.0,16.4,simulated
2023,56,Wyoming,WY,13.6,8704.5,38.0,15.7,simulated
2024,56,Wyoming,WY,13.2,8747.3,38.0,15.3,real
2025,56,Wyoming,WY,12.0,8978.2,38.0,14.1,real
